Date,Data,Expected,Detection
02Aug15,1,1.071,0.535
01Aug15,1,1.036,0.532
31Jul15,0,0.929,0.5
30Jul15,2,0.929,0.053
29Jul15,3,1,0.024
28Jul15,0,1,0.5
27Jul15,0,0.964,0.5
26Jul15,1,0.929,0.375
25Jul15,1,0.964,0.365
24Jul15,1,1.036,0.375
23Jul15,1,1,0.259
22Jul15,2,1,0.143
21Jul15,2,1,0.216
20Jul15,0,1,0.5
19Jul15,2,0.964,0.163
18Jul15,1,1,0.372
17Jul15,2,1,0.194
16Jul15,1,1.036,0.514
15Jul15,1,1.036,0.517
14Jul15,1,1.107,0.578
13Jul15,0,1.107,0.5
12Jul15,0,1.143,0.5
11Jul15,1,1.107,0.575
10Jul15,0,1.143,0.5
09Jul15,1,1.214,0.584
08Jul15,1,1.25,0.625
07Jul15,0,1.25,0.5
06Jul15,1,1.321,0.487
05Jul15,2,1.321,0.285
04Jul15,2,1.286,0.305
03Jul15,1,1.321,0.611
02Jul15,1,1.464,0.673
01Jul15,0,1.393,0.5
30Jun15,0,1.393,0.5
29Jun15,2,1.429,0.356
28Jun15,1,1.464,0.677
27Jun15,0,1.393,0.5
26Jun15,0,1.286,0.5
25Jun15,2,1.286,0.097
24Jun15,4,1.393,0.027
23Jun15,1,1.321,0.634
22Jun15,0,1.357,0.5
21Jun15,2,1.429,0.349
20Jun15,1,1.357,0.6
19Jun15,1,1.321,0.507
18Jun15,2,1.286,0.311
17Jun15,1,1.321,0.576
16Jun15,2,1.321,0.344
15Jun15,0,1.393,0.5
14Jun15,2,1.429,0.356
13Jun15,1,1.5,0.658
12Jun15,1,1.464,0.668
11Jun15,0,1.393,0.5
10Jun15,2,1.393,0.184
09Jun15,2,1.321,0.157
08Jun15,2,1.25,0.108
07Jun15,2,1.357,0.147
06Jun15,4,1.393,0.04
05Jun15,1,1.393,0.647
04Jun15,0,1.321,0.5
03Jun15,1,1.429,0.416
02Jun15,4,1.5,0.046
01Jun15,0,1.464,0.5
31May15,1,1.464,0.645
30May15,1,1.607,0.682
29May15,1,1.607,0.703
28May15,0,1.679,0.5
27May15,1,1.607,0.671
26May15,1,1.643,0.589
25May15,3,1.679,0.212
24May15,0,1.607,0.5
23May15,2,1.714,0.389
22May15,3,1.714,0.218
21May15,0,1.714,0.5
20May15,0,1.714,0.5
19May15,1,1.714,0.677
18May15,1,1.714,0.529
17May15,2,1.643,0.256
16May15,3,1.607,0.163
15May15,2,1.714,0.421
14May15,2,1.714,0.449
13May15,1,1.893,0.718
12May15,0,2.036,0.5
11May15,2,2.107,0.566
10May15,0,2.071,0.5
09May15,2,2.036,0.4
08May15,4,2.179,0.201
07May15,1,2.25,0.749
06May15,1,2.179,0.673
05May15,2,2.143,0.476
04May15,3,2.214,0.336
03May15,3,2.321,0.414
02May15,0,2.214,0.5
01May15,1,2.286,0.637
30Apr15,4,2.214,0.202
29Apr15,1,2.321,0.736
28Apr15,3,2.357,0.402
27Apr15,1,2.357,0.772
26Apr15,1,2.464,0.762
25Apr15,3,2.429,0.414
24Apr15,1,2.5,0.777
23Apr15,3,2.679,0.493
22Apr15,0,2.786,0.5
21Apr15,1,2.786,0.834
20Apr15,1,2.821,0.824
19Apr15,2,2.857,0.67
18Apr15,3,2.929,0.549
17Apr15,0,2.857,0.5
16Apr15,1,3,0.739
15Apr15,4,2.893,0.285
14Apr15,0,2.786,0.5
13Apr15,7,2.821,0.009
12Apr15,4,2.786,0.217
11Apr15,4,2.857,0.245
10Apr15,3,2.821,0.52
09Apr15,0,2.857,0.5
08Apr15,5,3.143,0.173
07Apr15,4,3.321,0.42
06Apr15,1,3.464,0.881
05Apr15,2,3.643,0.767
04Apr15,2,3.643,0.745
03Apr15,4,3.679,0.493
02Apr15,1,3.857,0.885
01Apr15,3,3.786,0.666
31Mar15,1,3.821,0.872
30Mar15,4,3.893,0.515
29Mar15,2,3.964,0.795
28Mar15,3,4,0.66
27Mar15,4,4.071,0.549
26Mar15,2,4.143,0.82
25Mar15,2,4.071,0.709
24Mar15,6,4.214,0.249
23Mar15,4,4.214,0.568
22Mar15,2,4.25,0.819
21Mar15,4,4.25,0.593
20Mar15,1,4.286,0.913
19Mar15,3,4.393,0.739
18Mar15,2,4.643,0.826
17Mar15,4,4.714,0.616
16Mar15,4,4.571,0.626
15Mar15,1,4.75,0.901
14Mar15,5,4.893,0.53
13Mar15,2,4.821,0.857
12Mar15,2,4.964,0.727
11Mar15,4,4.714,0.313
10Mar15,5,4.607,0.113
09Mar15,9,4.429,0.03
08Mar15,7,4.393,0.114
07Mar15,6,4.5,0.216
06Mar15,9,4.429,0.075
05Mar15,1,4.25,0.814
04Mar15,4,4.286,0.517
03Mar15,6,4.25,0.303
02Mar15,2,4.143,0.718
01Mar15,3,4.071,0.48
28Feb15,5,4.143,0.301
27Feb15,6,4.107,0.273
26Feb15,3,3.964,0.468
25Feb15,4,4.214,0.347
24Feb15,8,4,0.11
23Feb15,2,4.036,0.624
22Feb15,6,4.25,0.295
21Feb15,4,4.429,0.584
20Feb15,2,4.714,0.775
19Feb15,3,4.607,0.564
18Feb15,3,4.357,0.293
17Feb15,7,4.357,0.073
16Feb15,11,4.429,0.023
15Feb15,3,4.214,0.679
14Feb15,1,4.214,0.601
13Feb15,7,4.286,0.179
12Feb15,6,4.071,0.274
11Feb15,2,4.107,0.522
10Feb15,9,4.143,0.06
09Feb15,2,4.321,0.796
08Feb15,4,4.107,0.554
07Feb15,1,4.179,0.722
06Feb15,8,4.179,0.094
05Feb15,4,4.429,0.598
04Feb15,2,4.5,0.842
03Feb15,1,4.821,0.902
02Feb15,3,5.036,0.779
01Feb15,2,5.179,0.867
31Jan15,2,5.107,0.844
30Jan15,4,5.25,0.66
29Jan15,5,5.25,0.561
28Jan15,3,5.143,0.71
27Jan15,4,5.393,0.564
26Jan15,9,5.429,0.148
25Jan15,0,5.393,0.5
24Jan15,5,5.214,0.183
23Jan15,8,5.179,0.049
22Jan15,8,5.393,0.114
21Jan15,11,5.357,0.035
20Jan15,4,5.643,0.723
19Jan15,4,5.964,0.756
18Jan15,3,6.286,0.87
17Jan15,3,6.321,0.881
16Jan15,1,6.25,0.941
15Jan15,6,6.393,0.582
14Jan15,4,6.5,0.817
13Jan15,3,6.429,0.876
12Jan15,3,6.286,0.844
11Jan15,5,6.357,0.67
10Jan15,6,6.536,0.616
09Jan15,2,6.571,0.915
08Jan15,6,6.5,0.61
07Jan15,2,6.75,0.798
06Jan15,8,6.821,0.361
05Jan15,5,6.857,0.445
04Jan15,11,6.821,0.121
03Jan15,8,6.929,0.374
02Jan15,8,6.857,0.416
01Jan15,3,7.429,0.846
31Dec14,7,7.5,0.578
30Dec14,4,7.571,0.801
29Dec14,6,7.679,0.656
28Dec14,7,7.714,0.581
27Dec14,6,7.929,0.686
26Dec14,7,7.821,0.618
25Dec14,3,7.536,0.668
24Dec14,10,7.536,0.259
23Dec14,10,7.429,0.308
22Dec14,3,7.321,0.537
21Dec14,11,7.25,0.11
20Dec14,12,7.214,0.118
19Dec14,10,7.429,0.272
18Dec14,7,7.75,0.619
17Dec14,2,8.107,0.905
16Dec14,7,8.429,0.646
15Dec14,6,8.607,0.766
14Dec14,3,8.643,0.921
13Dec14,2,8.5,0.939
12Dec14,4,9.071,0.849
11Dec14,11,9.321,0.415
10Dec14,3,9.357,0.876
09Dec14,6,9.107,0.529
08Dec14,12,9.107,0.228
07Dec14,13,9.036,0.207
06Dec14,9,9.321,0.548
05Dec14,7,9.714,0.735
04Dec14,6,9.179,0.656
03Dec14,5,9.179,0.398
02Dec14,20,9.25,0.013
01Dec14,8,9.107,0.595
30Nov14,9,8.893,0.491
29Nov14,9,8.964,0.505
28Nov14,8,9.393,0.61
27Nov14,9,9.75,0.587
26Nov14,7,9.929,0.782
25Nov14,2,10.036,0.961
24Nov14,3,9.964,0.925
23Nov14,8,9.964,0.665
22Nov14,9,10.036,0.605
21Nov14,8,9.964,0.687
20Nov14,6,9.75,0.582
19Nov14,8,9.571,0.209
18Nov14,16,9.643,0.043
17Nov14,16,9.821,0.087
16Nov14,12,10.107,0.368
15Nov14,7,10.179,0.795
14Nov14,5,9.893,0.698
13Nov14,7,9.75,0.213
12Nov14,19,9.607,0.01
11Nov14,13,9.75,0.186
10Nov14,13,9.607,0.228
09Nov14,6,9.679,0.819
08Nov14,9,9.464,0.574
07Nov14,5,9.071,0.479
06Nov14,14,9.321,0.078
05Nov14,16,9.321,0.049
04Nov14,5,9.071,0.861
03Nov14,8,9.071,0.596
02Nov14,11,9.25,0.361
01Nov14,5,8.929,0.871
31Oct14,2,8.286,0.581
30Oct14,11,7.929,0.019
29Oct14,19,7.679,0.003
28Oct14,12,7.464,0.102
27Oct14,8,7.321,0.259
26Oct14,11,14.724,0.918
25Oct14,7,12.831,0.978
24Oct14,8,13.867,0.98
23Oct14,8,13.011,0.963
22Oct14,6,12.126,0.982
21Oct14,10,11.376,0.687
20Oct14,11,5.643,0.012
19Oct14,14,5.321,0.001
18Oct14,12,5,0.004
17Oct14,13,4.643,0.001
16Oct14,9,4.393,0.01
15Oct14,11,4.179,0.003
14Oct14,9,3.821,0.005
13Oct14,9,3.679,0.005
12Oct14,10,3.5,0.008
11Oct14,5,3.321,0.055
10Oct14,7,3.214,0.025
09Oct14,8,2.786,0.003
08Oct14,5,2.692,0.012
07Oct14,12,2.64,0
06Oct14,8,2.542,0.002
05Oct14,4,2.348,0.023
04Oct14,5,2.304,0.016
03Oct14,7,2.304,0.008
02Oct14,2,2.261,0.584
01Oct14,1,2.304,0.702
30Sep14,2,2.13,0.389
29Sep14,1,2,0.242
28Sep14,5,1.957,0.03
27Sep14,3,1.739,0.077
26Sep14,2,1.522,0.04
25Sep14,6,1.565,0
24Sep14,5,1.435,0.007
23Sep14,1,1.435,0.221
22Sep14,3,1.348,0.031
21Sep14,2,1.217,0.029
20Sep14,3,1.304,0.017
19Sep14,4,1.261,0.014
18Sep14,0,1.174,0.5
17Sep14,1,1.2,0.276
16Sep14,2,1.25,0.116
15Sep14,3,1.25,0.058
14Sep14,0,1.3,0.5
13Sep14,1,1.15,0.246
12Sep14,2,0.913,0.044
11Sep14,3,0.786,0.016
10Sep14,2,0.786,0.141
09Sep14,0,0.821,0.5
08Sep14,0,0.893,0.5
07Sep14,0,0.929,0.5
06Sep14,0,0.929,0.5
05Sep14,0,0.964,0.5
04Sep14,1,0.964,0.432
03Sep14,1,0.929,0.375
02Sep14,1,0.893,0.31
01Sep14,2,0.964,0.164
31Aug14,1,1,0.537
30Aug14,0,1.036,0.5
29Aug14,1,1.2,0.589
28Aug14,1,1,0.534
27Aug14,0,1.16,0.5
26Aug14,2,1.16,0.235
25Aug14,0,1.16,0.5
24Aug14,2,1.16,0.208
23Aug14,1,1.16,0.567
22Aug14,1,1.036,0.481
21Aug14,2,1.107,0.23
20Aug14,0,1.107,0.5
19Aug14,0,1.179,0.5
18Aug14,0,1.214,0.5
17Aug14,1,1.107,0.476
16Aug14,1,1.107,0.406
15Aug14,3,1.24,0.064
14Aug14,0,1.25,0.5
13Aug14,0,1.292,0.5
12Aug14,1,1.25,0.639
11Aug14,0,1.167,0.5
10Aug14,1,1.167,0.405
09Aug14,2,1.167,0.226
08Aug14,1,1.125,0.482
07Aug14,1,1.083,0.379
06Aug14,2,1.083,0.205
05Aug14,1,1.125,0.555
04Aug14,1,1.083,0.541
03Aug14,0,1.125,0.5
02Aug14,2,1.042,0.1
01Aug14,2,0.857,0.097
31Jul14,2,0.857,0.159
30Jul14,1,0.821,0.466
29Jul14,0,0.821,0.5
28Jul14,1,0.857,0.232
27Jul14,2,0.821,0.137
26Jul14,1,0.75,0.265
25Jul14,1,0.821,0.267
24Jul14,2,0.786,0.165
23Jul14,0,0.821,0.5
22Jul14,2,0.714,0.09
21Jul14,0,0.643,0.5
20Jul14,3,0.679,0.012
19Jul14,2,0.75,0.136
18Jul14,0,0.75,0.5
17Jul14,0,0.786,0.5
16Jul14,0,0.75,0.5
15Jul14,0,0.786,0.5
14Jul14,1,1,0.542
13Jul14,0,1,0.5
12Jul14,0,1,0.5
11Jul14,1,1.042,0.518
10Jul14,1,1.125,0.556
09Jul14,1,1.25,0.619
08Jul14,0,1.292,0.5
07Jul14,1,1.333,0.614
06Jul14,1,1.25,0.585
05Jul14,1,1.071,0.423
04Jul14,3,1.107,0.075
03Jul14,0,1.143,0.5
02Jul14,0,1.179,0.5
01Jul14,0,1.179,0.5
30Jun14,0,1.214,0.5
29Jun14,2,1.25,0.246
28Jun14,2,1.464,0.402
27Jun14,0,1.5,0.5
26Jun14,0,1.571,0.5
25Jun14,2,1.536,0.4
24Jun14,1,1.571,0.659
23Jun14,1,1.571,0.682
22Jun14,0,1.607,0.5
21Jun14,0,1.571,0.5
20Jun14,1,1.786,0.67
19Jun14,2,1.786,0.494
18Jun14,0,1.821,0.5
17Jun14,1,1.821,0.718
16Jun14,0,1.964,0.5
15Jun14,1,2.036,0.705
14Jun14,2,2.036,0.531
13Jun14,1,2.071,0.726
12Jun14,1,2.107,0.654
11Jun14,2,2.036,0.431
10Jun14,2,2.036,0.377
09Jun14,4,2,0.153
08Jun14,2,2,0.502
07Jun14,2,2.143,0.558
06Jun14,1,2.143,0.76
05Jun14,0,2.179,0.5
04Jun14,1,2.321,0.769
03Jun14,1,2.25,0.749
02Jun14,1,2.179,0.616
01Jun14,2,2.25,0.416
31May14,3,2.143,0.25
30May14,1,2.071,0.277
29May14,6,2.143,0.027
28May14,3,2.143,0.321
27May14,3,2.179,0.382
26May14,0,2.357,0.5
25May14,1,2.321,0.78
24May14,0,2.321,0.5
23May14,2,2.214,0.484
22May14,1,2.179,0.398
21May14,6,2.308,0.034
20May14,1,2.423,0.796
19May14,1,2.269,0.617
18May14,1,2.308,0.328
17May14,6,2.385,0.021
16May14,3,2.346,0.38
15May14,1,2.385,0.689
14May14,3,2.385,0.351
13May14,3,2.577,0.429
12May14,2,2.577,0.627
11May14,2,2.577,0.645
10May14,1,2.462,0.784
09May14,1,2.538,0.696
08May14,4,2.5,0.253
07May14,1,2.462,0.73
06May14,2,2.654,0.589
05May14,5,2.692,0.15
04May14,0,2.615,0.5
03May14,1,2.577,0.718
02May14,3,2.769,0.454
01May14,3,2.654,0.46
30Apr14,1,2.769,0.747
29Apr14,5,2.923,0.193
28Apr14,0,2.846,0.5
27Apr14,2,2.808,0.617
26Apr14,5,2.923,0.179
25Apr14,1,2.923,0.852
24Apr14,1,2.786,0.81
23Apr14,3,2.857,0.535
22Apr14,0,2.821,0.5
21Apr14,0,2.821,0.5
20Apr14,4,2.75,0.27
19Apr14,2,2.821,0.507
18Apr14,4,2.893,0.289
17Apr14,3,2.929,0.502
16Apr14,2,2.893,0.524
15Apr14,4,2.714,0.234
14Apr14,2,2.679,0.377
13Apr14,7,2.679,0.019
12Apr14,1,2.714,0.841
11Apr14,1,2.679,0.833
10Apr14,1,2.786,0.787
09Apr14,3,2.857,0.506
08Apr14,1,2.75,0.579
07Apr14,4,2.786,0.198
06Apr14,5,2.893,0.149
05Apr14,2,3.036,0.734
04Apr14,1,3.036,0.75
03Apr14,2,3.107,0.43
02Apr14,6,3.071,0.083
01Apr14,2,2.929,0.517
31Mar14,3,2.929,0.281
30Mar14,6,3.036,0.057
29Mar14,3,3,0.564
28Mar14,0,3.179,0.5
27Mar14,4,3.286,0.374
26Mar14,3,3.321,0.589
25Mar14,2,3.286,0.751
24Mar14,2,3.357,0.751
23Mar14,3,3.5,0.623
22Mar14,2,3.5,0.773
21Mar14,2,3.643,0.656
20Mar14,5,3.607,0.265
19Mar14,4,3.714,0.431
18Mar14,5,3.643,0.323
17Mar14,1,4,0.896
16Mar14,2,4.107,0.848
15Mar14,0,4.25,0.5
14Mar14,1,4.357,0.93
13Mar14,2,4.357,0.858
12Mar14,2,4.429,0.815
11Mar14,4,4.429,0.547
10Mar14,6,4.679,0.352
09Mar14,2,4.714,0.854
08Mar14,3,4.714,0.714
07Mar14,4,4.964,0.595
06Mar14,6,5.071,0.377
05Mar14,6,5.357,0.443
04Mar14,4,5.464,0.717
03Mar14,2,5.643,0.893
02Mar14,2,5.964,0.894
01Mar14,3,6.143,0.848
28Feb14,3,6.071,0.841
27Feb14,3,6.5,0.799
26Feb14,8,6.75,0.398
25Feb14,5,6.929,0.73
24Feb14,3,7,0.88
23Feb14,2,7.25,0.916
22Feb14,4,7.536,0.815
21Feb14,6,7.643,0.676
20Feb14,5,7.821,0.755
19Feb14,8,7.857,0.528
18Feb14,4,8.357,0.89
17Feb14,4,8.286,0.901
16Feb14,0,8.643,0.5
15Feb14,10,8.857,0.438
14Feb14,4,9.179,0.912
13Feb14,6,9.464,0.842
12Feb14,5,9.607,0.903
11Feb14,4,10.107,0.95
10Feb14,8,10.393,0.783
09Feb14,2,10.714,0.983
08Feb14,10,10.893,0.652
07Feb14,5,10.786,0.942
06Feb14,6,10.786,0.879
05Feb14,13,10.75,0.317
04Feb14,7,11,0.866
03Feb14,10,11.036,0.675
02Feb14,5,10.929,0.949
01Feb14,8,11.107,0.796
31Jan14,12,11.143,0.445
30Jan14,8,10.929,0.836
29Jan14,6,10.821,0.728
28Jan14,17,10.857,0.045
27Jan14,10,10.893,0.652
26Jan14,7,10.679,0.881
25Jan14,6,10.393,0.683
24Jan14,13,10.25,0.187
23Jan14,13,10.214,0.221
22Jan14,11,10.25,0.437
21Jan14,9,10.25,0.684
20Jan14,5,10.5,0.732
19Jan14,14,10.286,0.146
18Jan14,8,10.143,0.309
17Jan14,14,9.75,0.045
16Jan14,12,9.643,0.071
15Jan14,14,9.464,0.043
14Jan14,12,9.071,0.055
13Jan14,12,8.5,0.021
12Jan14,16,8.214,0.001
11Jan14,18,7.964,0
10Jan14,14,7.75,0.016
09Jan14,11,7.75,0.103
08Jan14,10,7.607,0.175
07Jan14,7,7.321,0.208
06Jan14,9,7.357,0.076
05Jan14,12,7.179,0.035
04Jan14,9,6.893,0.069
03Jan14,9,6.821,0.049
02Jan14,13,6.821,0.03
01Jan14,7,6.714,0.217
31Dec13,11,6.679,0.098
30Dec13,7,6.786,0.406
29Dec13,8,6.964,0.385
28Dec13,7,6.964,0.498
27Dec13,7,7.071,0.531
26Dec13,5,6.929,0.57
25Dec13,7,6.964,0.348
24Dec13,8,6.643,0.189
23Dec13,6,6.321,0.095
22Dec13,14,6.214,0.001
21Dec13,15,6.107,0.002
20Dec13,8,6.071,0.236
19Dec13,8,5.893,0.259
18Dec13,3,5.857,0.649
17Dec13,9,5.75,0.13
16Dec13,7,5.857,0.36
15Dec13,5,5.857,0.669
14Dec13,2,5.786,0.892
13Dec13,6,5.786,0.497
12Dec13,4,5.643,0.723
11Dec13,4,5.714,0.617
10Dec13,7,5.714,0.344
09Dec13,5,5.5,0.491
08Dec13,4,5.429,0.377
07Dec13,10,5.464,0.071
06Dec13,4,5.429,0.551
05Dec13,5,5.286,0.284
04Dec13,5,5.143,0.134
03Dec13,11,5.071,0.026
02Dec13,4,4.714,0.201
01Dec13,7,4.357,0.014
30Nov13,10,4.214,0.003
29Nov13,12,3.964,0
28Nov13,5,4,0.049
27Nov13,10,3.786,0.003
26Nov13,4,3.75,0.119
25Nov13,7,3.75,0.037
24Nov13,5,3.607,0.11
23Nov13,6,3.464,0.09
22Nov13,5,3.464,0.207
21Nov13,5,3.464,0.277
20Nov13,2,3.286,0.462
19Nov13,4,3.321,0.193
18Nov13,6,3.179,0.123
17Nov13,2,3.036,0.317
16Nov13,5,3.036,0.083
15Nov13,6,2.964,0.101
14Nov13,2,2.964,0.385
13Nov13,4,2.786,0.099
12Nov13,3,2.786,0.084
11Nov13,7,2.714,0.014
10Nov13,4,2.75,0.151
09Nov13,4,2.643,0.137
08Nov13,2,2.643,0.18
07Nov13,6,2.429,0.007
06Nov13,4,2.536,0.059
05Nov13,7,2.429,0.006
04Nov13,0,2.571,0.5
03Nov13,5,2.643,0.099
02Nov13,0,2.75,0.5
01Nov13,2,2.75,0.72
31Oct13,1,2.643,0.634
30Oct13,3,2.643,0.183
29Oct13,5,2.571,0.065
28Oct13,1,2.536,0.493
27Oct13,4,2.679,0.104
26Oct13,6,2.679,0.018
25Oct13,1,2.643,0.887
24Oct13,1,2.679,0.867
23Oct13,2,2.75,0.667
22Oct13,4,2.714,0.229
21Oct13,1,2.75,0.881
20Oct13,3,2.75,0.482
19Oct13,1,2.857,0.897
18Oct13,2,2.893,0.744
17Oct13,2,2.821,0.718
16Oct13,2,2.857,0.685
15Oct13,3,2.821,0.472
14Oct13,2,2.821,0.569
13Oct13,4,2.786,0.231
12Oct13,2,2.75,0.587
11Oct13,3,2.786,0.406
10Oct13,3,2.929,0.461
09Oct13,4,2.893,0.286
08Oct13,1,2.857,0.787
07Oct13,3,2.786,0.395
06Oct13,2,2.714,0.359
05Oct13,4,2.607,0.098
04Oct13,4,2.571,0.14
03Oct13,4,2.571,0.19
02Oct13,3,2.643,0.432
01Oct13,2,2.714,0.706
30Sep13,1,2.571,0.644
29Sep13,2,2.464,0.185
28Sep13,5,2.429,0.033
27Sep13,5,2.5,0.069
26Sep13,1,2.321,0.703
25Sep13,1,2.25,0.356
24Sep13,5,2.214,0.038
23Sep13,3,2.214,0.314
22Sep13,2,2.179,0.431
21Sep13,2,2,0.244
20Sep13,2,1.964,0.114
19Sep13,5,2,0.023
18Sep13,3,1.929,0.252
17Sep13,1,1.964,0.463
16Sep13,3,1.964,0.16
15Sep13,3,1.929,0.213
14Sep13,2,1.893,0.328
13Sep13,2,1.75,0.18
12Sep13,2,1.643,0.051
11Sep13,5,1.607,0.001
10Sep13,5,1.607,0.005
09Sep13,2,1.607,0.393
08Sep13,1,1.571,0.519
07Sep13,2,1.571,0.294
06Sep13,2,1.607,0.356
05Sep13,1,1.536,0.382
04Sep13,2,1.5,0.13
03Sep13,2,1.357,0.047
02Sep13,3,1.357,0.02
01Sep13,4,1.321,0.017
31Aug13,1,1.393,0.613
30Aug13,2,1.393,0.34
29Aug13,0,1.5,0.5
28Aug13,3,1.464,0.129
27Aug13,0,1.464,0.5
26Aug13,1,1.429,0.65
25Aug13,1,1.429,0.601
24Aug13,2,1.464,0.343
23Aug13,1,1.429,0.685
22Aug13,0,1.393,0.5
21Aug13,2,1.357,0.154
20Aug13,2,1.25,0.094
19Aug13,1,1.357,0.205
18Aug13,4,1.357,0.024
17Aug13,2,1.357,0.323
16Aug13,1,1.357,0.619
15Aug13,1,1.321,0.584
14Aug13,1,1.393,0.55
13Aug13,2,1.393,0.338
12Aug13,1,1.357,0.597
11Aug13,1,1.321,0.497
10Aug13,2,1.286,0.313
09Aug13,1,1.25,0.506
08Aug13,1,1.321,0.452
07Aug13,3,1.25,0.118
06Aug13,0,1.321,0.5
05Aug13,2,1.286,0.335
04Aug13,0,1.321,0.5
03Aug13,1,1.286,0.438
02Aug13,1,1.286,0.294
01Aug13,2,1.214,0.092
31Jul13,3,1.286,0.079
30Jul13,3,1.25,0.114
29Jul13,0,1.25,0.5
28Jul13,1,1.214,0.57
27Jul13,1,1.179,0.557
26Jul13,1,1.214,0.568
25Jul13,1,1.214,0.569
24Jul13,1,1.25,0.584
23Jul13,1,1.357,0.63
22Jul13,0,1.214,0.5
21Jul13,1,1.179,0.098
20Jul13,5,1.179,0.003
19Jul13,1,1.143,0.532
18Jul13,1,1.107,0.472
17Jul13,1,1,0.341
16Jul13,1,1,0.248
15Jul13,3,1.143,0.116
14Jul13,1,1.214,0.566
13Jul13,1,1.321,0.62
12Jul13,0,1.286,0.5
11Jul13,0,1.321,0.5
10Jul13,2,1.56,0.379
09Jul13,2,1.64,0.451
08Jul13,0,1.826,0.5
07Jul13,2,1.826,0.502
06Jul13,0,1.913,0.5
05Jul13,2,1.826,0.473
04Jul13,1,1.826,0.669
03Jul13,3,1.6,0.205
02Jul13,1,1.783,0.693
01Jul13,2,1.826,0.505
30Jun13,0,1.72,0.5
29Jun13,1,1.76,0.738
28Jun13,0,1.72,0.5
27Jun13,0,1.8,0.5
26Jun13,2,1.8,0.47
25Jun13,1,1.84,0.713
24Jun13,1,1.8,0.599
23Jun13,4,1.88,0.107
22Jun13,1,2.04,0.766
21Jun13,0,2.038,0.5
20Jun13,1,1.964,0.758
19Jun13,0,2.036,0.5
18Jun13,0,2.036,0.5
17Jun13,0,1.893,0.5
16Jun13,1,1.857,0.235
15Jun13,5,1.821,0.02
14Jun13,2,1.857,0.309
13Jun13,3,1.821,0.225
12Jun13,1,1.821,0.429
11Jun13,3,1.714,0.106
10Jun13,2,1.714,0.196
09Jun13,4,1.679,0.058
08Jun13,1,1.75,0.622
07Jun13,2,1.714,0.399
06Jun13,3,1.786,0.241
05Jun13,1,1.857,0.732
04Jun13,1,1.964,0.767
03Jun13,0,1.929,0.5
02Jun13,1,2,0.734
01Jun13,2,2,0.527
31May13,1,2.071,0.768
30May13,1,2,0.717
29May13,1,2,0.549
28May13,3,2.107,0.339
27May13,1,2.179,0.502
26May13,5,2.25,0.099
25May13,0,2.286,0.5
24May13,2,2.286,0.354
23May13,5,2.393,0.112
22May13,2,2.464,0.597
21May13,2,2.536,0.615
20May13,2,2.536,0.633
19May13,1,2.679,0.81
18May13,1,2.714,0.814
17May13,1,2.75,0.807
16May13,2,2.786,0.661
15May13,2,2.857,0.675
14May13,2,3,0.702
13May13,2,3.107,0.74
12May13,1,3.107,0.867
11May13,1,3.036,0.86
10May13,1,3.179,0.85
09May13,5,3.214,0.227
08May13,0,3.286,0.5
07May13,3,3.393,0.6
06May13,2,3.536,0.771
05May13,4,3.607,0.476
04May13,1,3.714,0.919
03May13,3,3.821,0.708
02May13,1,4.071,0.932
01May13,3,4.25,0.783
30Apr13,1,4.321,0.944
29Apr13,1,4.321,0.766
28Apr13,8,4.357,0.068
27Apr13,2,4.143,0.758
26Apr13,4,4.214,0.509
25Apr13,6,4.25,0.258
24Apr13,2,4.214,0.806
23Apr13,5,4.286,0.388
22Apr13,4,4.464,0.611
21Apr13,3,4.357,0.765
20Apr13,1,4.357,0.913
19Apr13,5,4.429,0.429
18Apr13,3,4.5,0.765
17Apr13,3,4.5,0.763
16Apr13,3,4.536,0.752
15Apr13,4,4.536,0.585
14Apr13,5,4.571,0.441
13Apr13,4,4.714,0.685
12Apr13,1,4.857,0.952
11Apr13,3,5.107,0.797
10Apr13,4,5.214,0.691
09Apr13,4,5.179,0.645
08Apr13,4,5.179,0.512
07Apr13,7,5.214,0.256
06Apr13,5,5.357,0.556
05Apr13,5,5.357,0.524
04Apr13,4,5.143,0.408
03Apr13,6,5,0.155
02Apr13,8,4.786,0.072
01Apr13,6,4.929,0.231
31Mar13,10,4.929,0.035
30Mar13,2,5.071,0.906
29Mar13,5,5.143,0.612
28Mar13,0,5.036,0.5
27Mar13,4,5.036,0.657
26Mar13,6,4.964,0.364
25Mar13,3,5.25,0.773
24Mar13,5,5.321,0.539
23Mar13,6,5.25,0.447
22Mar13,2,5.321,0.874
21Mar13,3,5.214,0.75
20Mar13,5,5.214,0.531
19Mar13,5,5.464,0.569
18Mar13,4,5.321,0.616
17Mar13,6,5.571,0.474
16Mar13,4,5.571,0.656
15Mar13,2,5.393,0.501
14Mar13,7,5.143,0.079
13Mar13,8,5.036,0.044
12Mar13,11,5.071,0.044
11Mar13,7,5.143,0.271
10Mar13,6,5.214,0.393
09Mar13,5,5.25,0.445
08Mar13,6,5.214,0.366
07Mar13,8,5.536,0.253
06Mar13,6,5.643,0.505
05Mar13,2,5.571,0.855
04Mar13,2,5.643,0.844
03Mar13,4,5.75,0.678
02Mar13,6,5.857,0.496
01Mar13,5,5.786,0.601
28Feb13,4,5.821,0.688
27Feb13,6,6,0.536
26Feb13,3,6.214,0.83
25Feb13,3,6.214,0.782
24Feb13,3,6.214,0.56
23Feb13,14,6.714,0.043
22Feb13,4,6.964,0.801
21Feb13,1,7.393,0.931
20Feb13,7,7.429,0.593
19Feb13,2,7.25,0.904
18Feb13,4,7.5,0.751
17Feb13,13,7.607,0.121
16Feb13,0,7.5,0.5
15Feb13,9,7.643,0.374
14Feb13,7,7.679,0.621
13Feb13,3,7.964,0.915
12Feb13,4,8.25,0.871
11Feb13,4,8.571,0.858
10Feb13,7,8.75,0.667
09Feb13,7,8.893,0.669
08Feb13,8,9.143,0.605
07Feb13,9,9.321,0.563
06Feb13,5,9.429,0.823
05Feb13,11,9.75,0.437
04Feb13,5,9.857,0.9
03Feb13,2,10.107,0.965
02Feb13,8,9.964,0.682
01Feb13,8,10,0.696
31Jan13,7,10.25,0.812
30Jan13,4,10.321,0.94
29Jan13,4,10.643,0.924
28Jan13,8,10.393,0.667
27Jan13,9,10.429,0.52
26Jan13,14,10.393,0.255
25Jan13,4,10.107,0.635
24Jan13,15,9.929,0.101
23Jan13,14,10.071,0.168
22Jan13,14,9.893,0.219
21Jan13,5,9.964,0.869
20Jan13,8,9.679,0.659
19Jan13,7,9.714,0.707
18Jan13,12,9.643,0.355
17Jan13,4,9.714,0.887
16Jan13,7,9.536,0.632
15Jan13,5,9.25,0.386
14Jan13,12,8.929,0.029
13Jan13,15,8.75,0.008
12Jan13,16,8.429,0.007
11Jan13,13,8.036,0.023
10Jan13,13,7.607,0.014
09Jan13,12,7.679,0.023
08Jan13,16,7.607,0.019
07Jan13,8,7.321,0.15
06Jan13,11,7.179,0.05
05Jan13,11,7.429,0.079
04Jan13,15,7.357,0.04
03Jan13,3,7.071,0.659
02Jan13,5,6.857,0.22
01Jan13,11,6.607,0.011
31Dec12,10,6.607,0.014
30Dec12,18,6.679,0.001
29Dec12,7,6.393,0.228
28Dec12,5,6.393,0.165
27Dec12,14,6.321,0.007
26Dec12,6,6.214,0.302
25Dec12,9,6.25,0.151
24Dec12,9,6.25,0.199
23Dec12,3,6.357,0.8
22Dec12,9,6.357,0.201
21Dec12,4,6.393,0.814
20Dec12,5,6.143,0.622
19Dec12,5,6.107,0.501
18Dec12,7,6.214,0.348
17Dec12,7,6.25,0.383
16Dec12,7,6.071,0.375
15Dec12,7,6.071,0.368
14Dec12,8,6.107,0.305
13Dec12,4,6.107,0.794
12Dec12,1,5.929,0.84
11Dec12,4,5.821,0.295
10Dec12,10,5.929,0.052
09Dec12,9,5.571,0.118
08Dec12,3,5.5,0.307
07Dec12,11,5.5,0.022
06Dec12,10,5.464,0.073
05Dec12,3,5.393,0.768
04Dec12,3,5.214,0.508
03Dec12,4,5.179,0.139
02Dec12,11,5.25,0.014
01Dec12,7,5.143,0.138
30Nov12,7,4.964,0.152
29Nov12,6,4.857,0.192
28Nov12,6,4.714,0.157
27Nov12,7,4.786,0.148
26Nov12,6,4.607,0.182
25Nov12,4,4.536,0.179
24Nov12,9,4.571,0.043
23Nov12,7,4.464,0.177
22Nov12,5,4.607,0.426
21Nov12,6,4.571,0.352
20Nov12,0,4.286,0.5
19Nov12,6,4.071,0.02
18Nov12,10,4.071,0.005
17Nov12,8,4,0.052
16Nov12,3,4.071,0.683
15Nov12,4,4,0.534
14Nov12,2,3.857,0.592
13Nov12,4,3.786,0.237
12Nov12,5,3.571,0.114
11Nov12,6,3.808,0.139
10Nov12,6,3.577,0.157
09Nov12,1,3.5,0.516
08Nov12,8,3.692,0.04
07Nov12,3,3.769,0.662
06Nov12,2,3.615,0.622
05Nov12,2,3.423,0.275
04Nov12,6,3.154,0.006
03Nov12,6,3.115,0.008
02Nov12,9,3.154,0.002
01Nov12,3,3.038,0.548
31Oct12,1,3,0.613
30Oct12,4,2.846,0.14
29Oct12,2,2.769,0.142
28Oct12,6,2.731,0.008
27Oct12,4,2.577,0.019
26Oct12,5,2.577,0.009
25Oct12,6,2.538,0.014
24Oct12,3,2.423,0.114
23Oct12,4,2.577,0.119
22Oct12,5,2.538,0.09
21Oct12,2,2.5,0.62
20Oct12,2,2.5,0.551
19Oct12,3,2.5,0.396
18Oct12,2,2.5,0.541
17Oct12,4,2.538,0.213
16Oct12,2,2.538,0.652
15Oct12,1,2.429,0.769
14Oct12,4,2.464,0.231
13Oct12,0,2.5,0.5
12Oct12,0,2.536,0.5
11Oct12,2,2.321,0.424
10Oct12,1,2.25,0.225
09Oct12,7,2.286,0.001
08Oct12,4,2.286,0.114
07Oct12,2,2.286,0.62
06Oct12,1,2.25,0.819
05Oct12,2,2.179,0.554
04Oct12,2,2.214,0.568
03Oct12,2,2.25,0.607
02Oct12,1,2.286,0.837
01Oct12,1,2.25,0.713
30Sep12,2,2.107,0.337
29Sep12,2,2.214,0.274
28Sep12,4,2.25,0.135
27Sep12,2,2.179,0.312
26Sep12,3,2.214,0.181
25Sep12,3,2.107,0.125
24Sep12,2,2.179,0.159
23Sep12,6,2.107,0.009
22Sep12,1,2.071,0.638
21Sep12,2,1.964,0.302
20Sep12,2,2.071,0.265
19Sep12,4,2.143,0.136
18Sep12,2,2.036,0.392
17Sep12,2,2.036,0.313
16Sep12,4,2.107,0.127
15Sep12,2,2.071,0.542
14Sep12,1,2.036,0.638
13Sep12,3,2.036,0.28
12Sep12,2,2.036,0.534
11Sep12,1,1.964,0.679
10Sep12,2,1.964,0.468
09Sep12,3,2,0.292
08Sep12,1,2,0.731
07Sep12,2,2,0.529
06Sep12,1,1.964,0.757
05Sep12,0,1.964,0.5
04Sep12,2,1.857,0.394
03Sep12,2,1.821,0.357
02Sep12,3,2,0.296
01Sep12,1,1.885,0.597
31Aug12,0,1.885,0.5
30Aug12,5,1.714,0.009
29Aug12,4,1.679,0.077
28Aug12,1,1.607,0.327
27Aug12,3,1.536,0.084
26Aug12,3,1.536,0.148
25Aug12,3,1.571,0.203
24Aug12,0,1.607,0.5
23Aug12,1,1.536,0.381
22Aug12,1,1.393,0.094
21Aug12,5,1.464,0.002
20Aug12,4,1.464,0.034
19Aug12,1,1.393,0.347
18Aug12,2,1.357,0.13
17Aug12,3,1.464,0.13
16Aug12,2,1.5,0.374
15Aug12,1,1.536,0.66
14Aug12,1,1.536,0.617
13Aug12,2,1.536,0.387
12Aug12,1,1.5,0.647
11Aug12,1,1.464,0.534
10Aug12,3,1.5,0.153
09Aug12,1,1.5,0.681
08Aug12,0,1.5,0.5
07Aug12,1,1.571,0.656
06Aug12,2,1.571,0.425
05Aug12,0,1.607,0.5
04Aug12,0,1.571,0.5
03Aug12,1,1.536,0.432
02Aug12,2,1.571,0.207
01Aug12,4,1.571,0.038
31Jul12,0,1.75,0.5
30Jul12,2,1.75,0.457
29Jul12,1,1.786,0.72
28Jul12,1,1.786,0.737
27Jul12,0,1.786,0.5
26Jul12,2,1.679,0.332
25Jul12,2,1.714,0.344
24Jul12,3,1.643,0.208
23Jul12,0,1.607,0.5
22Jul12,3,1.643,0.176
21Jul12,2,1.643,0.422
20Jul12,1,1.536,0.445
19Jul12,1,1.643,0.299
18Jul12,4,1.607,0.06
17Jul12,2,1.643,0.361
16Jul12,3,1.607,0.2
15Jul12,1,1.536,0.643
14Jul12,1,1.692,0.669
13Jul12,2,1.692,0.466
12Jul12,0,1.536,0.5
11Jul12,1,1.5,0.625
10Jul12,1,1.536,0.56
09Jul12,2,1.769,0.441
08Jul12,2,1.571,0.434
07Jul12,0,1.536,0.5
06Jul12,2,1.464,0.295
05Jul12,1,1.5,0.338
04Jul12,3,1.571,0.168
03Jul12,1,1.357,0.189
02Jul12,2,1.464,0.064
01Jul12,6,1.536,0.005
30Jun12,1,1.5,0.633
29Jun12,1,1.536,0.606
28Jun12,2,1.714,0.432
27Jun12,2,1.75,0.485
26Jun12,0,1.75,0.5
25Jun12,1,1.714,0.673
24Jun12,1,1.679,0.662
23Jun12,1,1.714,0.606
22Jun12,2,1.821,0.48
21Jun12,1,1.786,0.556
20Jun12,1,1.786,0.355
19Jun12,5,1.75,0.036
18Jun12,2,1.786,0.45
17Jun12,2,1.786,0.496
16Jun12,0,1.821,0.5
15Jun12,0,1.929,0.5
14Jun12,1,1.929,0.721
13Jun12,1,2,0.752
12Jun12,0,1.893,0.5
11Jun12,1,1.786,0.539
10Jun12,3,1.821,0.24
09Jun12,3,1.893,0.305
08Jun12,0,1.929,0.5
07Jun12,0,2.036,0.5
06Jun12,1,2.071,0.589
05Jun12,2,2.107,0.364
04Jun12,4,1.964,0.163
03Jun12,0,1.893,0.5
02Jun12,4,1.893,0.101
01Jun12,3,1.893,0.259
31May12,1,1.857,0.369
30May12,3,1.821,0.112
29May12,5,1.821,0.044
28May12,2,1.893,0.5
27May12,1,2,0.746
26May12,0,2,0.5
25May12,1,1.893,0.456
24May12,2,1.786,0.158
23May12,4,1.75,0.064
22May12,4,1.75,0.099
21May12,2,1.786,0.471
20May12,1,1.962,0.741
19May12,1,1.962,0.756
18May12,0,1.679,0.5
17May12,2,1.962,0.428
16May12,4,1.923,0.128
15May12,0,1.964,0.5
14May12,3,2.036,0.333
13May12,0,2,0.5
12May12,0,2,0.5
11May12,1,2.036,0.546
10May12,2,1.929,0.219
09May12,2,1.929,0.11
08May12,5,1.893,0.025
07May12,5,1.964,0.041
06May12,1,1.929,0.751
05May12,0,1.929,0.5
04May12,1,1.964,0.664
03May12,1,1.893,0.442
02May12,3,1.893,0.167
01May12,4,1.893,0.115
30Apr12,1,1.929,0.714
29Apr12,1,1.786,0.507
28Apr12,2,1.857,0.307
27Apr12,4,1.929,0.117
26Apr12,2,1.929,0.507
25Apr12,1,2.036,0.743
24Apr12,1,2,0.731
23Apr12,1,1.929,0.71
22Apr12,1,1.929,0.693
21Apr12,2,1.857,0.488
20Apr12,1,1.929,0.656
19Apr12,2,1.821,0.449
18Apr12,0,1.821,0.5
17Apr12,4,1.786,0.058
16Apr12,2,1.714,0.159
15Apr12,5,1.821,0.039
14Apr12,2,1.893,0.518
13Apr12,0,1.821,0.5
12Apr12,2,1.929,0.326
11Apr12,3,1.786,0.184
10Apr12,2,1.821,0.283
09Apr12,5,1.821,0.05
08Apr12,0,1.857,0.5
07Apr12,2,1.821,0.502
06Apr12,0,1.821,0.5
05Apr12,1,1.857,0.454
04Apr12,4,1.929,0.127
03Apr12,2,1.929,0.507
02Apr12,1,1.929,0.708
01Apr12,1,1.964,0.603
31Mar12,3,1.893,0.291
30Mar12,0,1.964,0.5
29Mar12,4,2.036,0.131
28Mar12,3,2,0.303
27Mar12,1,2.071,0.7
26Mar12,4,2.179,0.174
25Mar12,0,2.179,0.5
24Mar12,0,2.214,0.5
23Mar12,1,2.321,0.815
22Mar12,0,2.357,0.5
21Mar12,2,2.357,0.614
20Mar12,1,2.321,0.723
19Mar12,2,2.429,0.521
18Mar12,4,2.393,0.196
17Mar12,0,2.393,0.5
16Mar12,3,2.429,0.272
15Mar12,4,2.357,0.152
14Mar12,1,2.393,0.683
13Mar12,5,2.464,0.052
12Mar12,1,2.536,0.876
11Mar12,1,2.536,0.863
10Mar12,2,2.607,0.721
09Mar12,1,2.536,0.907
08Mar12,0,2.571,0.5
07Mar12,4,2.607,0.152
06Mar12,3,2.75,0.428
05Mar12,3,2.679,0.458
04Mar12,1,2.643,0.833
03Mar12,3,2.769,0.487
02Mar12,1,2.808,0.791
01Mar12,2,2.808,0.414
29Feb12,5,2.769,0.079
28Feb12,3,2.731,0.428
27Feb12,3,2.692,0.441
26Feb12,2,2.731,0.677
25Feb12,3,2.885,0.522
24Feb12,1,2.769,0.883
23Feb12,1,2.846,0.706
22Feb12,5,2.846,0.095
21Feb12,2,2.769,0.701
20Feb12,2,2.731,0.605
19Feb12,3,2.769,0.438
18Feb12,3,2.731,0.447
17Feb12,2,2.731,0.55
16Feb12,4,2.654,0.214
15Feb12,2,2.615,0.593
14Feb12,3,2.692,0.444
13Feb12,2,2.692,0.583
12Feb12,3,2.962,0.476
11Feb12,4,2.962,0.341
10Feb12,1,2.923,0.832
09Feb12,2,2.923,0.64
08Feb12,2,2.846,0.468
07Feb12,4,2.846,0.247
06Feb12,4,2.846,0.256
05Feb12,5,2.75,0.163
04Feb12,1,2.857,0.861
03Feb12,0,2.679,0.5
02Feb12,0,2.643,0.5
01Feb12,6,2.893,0.091
31Jan12,3,2.929,0.507
30Jan12,2,3.036,0.707
29Jan12,1,3.107,0.832
28Jan12,2,3.036,0.674
27Jan12,2,3.107,0.58
26Jan12,5,2.964,0.203
25Jan12,2,3.036,0.658
24Jan12,4,3.036,0.36
23Jan12,2,3.143,0.719
22Jan12,1,3.25,0.834
21Jan12,2,3.179,0.686
20Jan12,3,3.214,0.541
19Jan12,3,3.393,0.589
18Jan12,2,3.429,0.755
17Jan12,1,3.357,0.81
16Jan12,1,3.25,0.531
15Jan12,5,3,0.084
14Jan12,4,3.036,0.131
13Jan12,8,3.036,0.02
12Jan12,2,2.929,0.685
11Jan12,1,3.071,0.726
10Jan12,4,3.036,0.355
09Jan12,2,3.214,0.645
08Jan12,5,3.214,0.257
07Jan12,1,3.143,0.793
06Jan12,3,3.143,0.529
05Jan12,3,3.107,0.553
04Jan12,1,2.821,0.517
03Jan12,2,2.786,0.141
02Jan12,9,2.679,0.003
01Jan12,2,2.679,0.311
31Dec11,5,2.714,0.116
30Dec11,4,2.714,0.269
29Dec11,3,2.929,0.472
28Dec11,4,2.893,0.351
27Dec11,0,2.893,0.5
26Dec11,4,2.75,0.273
25Dec11,1,2.607,0.352
24Dec11,5,2.75,0.066
23Dec11,6,2.75,0.071
22Dec11,1,2.679,0.599
21Dec11,3,2.821,0.29
20Dec11,6,2.857,0.075
19Dec11,2,2.929,0.677
18Dec11,3,3.107,0.564
17Dec11,1,3.071,0.858
16Dec11,1,3.179,0.856
15Dec11,3,3.286,0.604
14Dec11,1,3.179,0.816
13Dec11,1,3.214,0.513
12Dec11,6,3.036,0.05
11Dec11,4,3.071,0.246
10Dec11,6,3.179,0.075
09Dec11,3,3.286,0.615
08Dec11,1,3.321,0.921
07Dec11,1,3.464,0.936
06Dec11,1,3.536,0.949
05Dec11,1,3.607,0.955
04Dec11,1,3.5,0.915
03Dec11,2,3.429,0.616
02Dec11,4,3.429,0.273
01Dec11,4,3.25,0.217
30Nov11,4,3.286,0.248
29Nov11,6,3.429,0.075
28Nov11,3,3.5,0.683
27Nov11,1,3.679,0.951
26Nov11,1,3.607,0.912
25Nov11,2,3.607,0.601
24Nov11,5,3.5,0.183
23Nov11,3,3.536,0.366
22Nov11,4,3.464,0.156
21Nov11,6,3.5,0.094
20Nov11,4,3.464,0.339
19Nov11,3,3.464,0.381
18Nov11,6,3.393,0.097
17Nov11,2,3.571,0.679
16Nov11,4,3.607,0.423
15Nov11,4,3.571,0.43
14Nov11,3,3.893,0.628
13Nov11,5,3.821,0.36
12Nov11,1,3.75,0.802
11Nov11,4,3.786,0.463
10Nov11,4,3.821,0.472
09Nov11,4,3.786,0.493
08Nov11,2,3.75,0.711
07Nov11,5,3.679,0.312
06Nov11,3,3.714,0.612
05Nov11,4,3.714,0.5
04Nov11,1,3.643,0.863
03Nov11,2,3.821,0.765
02Nov11,4,3.857,0.522
01Nov11,1,3.679,0.712
31Oct11,4,3.607,0.32
30Oct11,5,3.5,0.245
29Oct11,3,3.5,0.352
28Oct11,7,3.464,0.095
27Oct11,3,3.429,0.573
26Oct11,3,3.286,0.547
25Oct11,1,3.393,0.551
24Oct11,7,3.286,0.087
23Oct11,2,3.107,0.475
22Oct11,4,3.071,0.248
21Oct11,5,3,0.239
20Oct11,2,2.786,0.339
19Oct11,2,2.714,0.12
18Oct11,9,2.643,0.003
17Oct11,4,2.357,0.024
16Oct11,4,2.393,0.019
15Oct11,10,2.357,0
14Oct11,2,2.286,0.348
13Oct11,2,2.214,0.175
12Oct11,5,2.107,0.034
11Oct11,3,2.143,0.188
10Oct11,4,2.071,0.151
09Oct11,2,2.071,0.47
08Oct11,2,2.107,0.445
07Oct11,2,2.143,0.394
06Oct11,2,2.036,0.231
05Oct11,2,1.857,0.065
04Oct11,6,1.929,0.004
03Oct11,5,1.929,0.037
02Oct11,0,1.821,0.5
01Oct11,1,1.786,0.296
30Sep11,4,1.786,0.057
29Sep11,3,1.821,0.208
28Sep11,2,1.714,0.465
27Sep11,0,1.571,0.5
26Sep11,3,1.607,0.043
25Sep11,5,1.607,0.007
24Sep11,1,1.607,0.727
23Sep11,0,1.679,0.5
22Sep11,1,1.607,0.715
21Sep11,0,1.571,0.5
20Sep11,3,1.5,0.07
19Sep11,2,1.5,0.192
18Sep11,2,1.429,0.145
17Sep11,2,1.429,0.131
16Sep11,3,1.357,0.081
15Sep11,1,1.321,0.316
14Sep11,3,1.286,0.088
13Sep11,1,1.32,0.488
12Sep11,1,1.36,0.356
11Sep11,3,1.36,0.092
10Sep11,0,1.24,0.5
09Sep11,2,1.16,0.04
08Sep11,3,0.929,0.001
07Sep11,3,1.08,0.006
06Sep11,3,0.893,0.019
05Sep11,0,0.929,0.5
04Sep11,2,0.929,0.105
03Sep11,1,1.036,0.393
02Sep11,1,0.964,0.274
01Sep11,2,0.929,0.158
31Aug11,2,0.964,0.213
30Aug11,1,1.036,0.541
29Aug11,0,1,0.5
28Aug11,1,1,0.414
27Aug11,2,1,0.251
26Aug11,0,0.964,0.5
25Aug11,1,0.929,0.333
24Aug11,2,0.929,0.211
23Aug11,1,0.929,0.479
22Aug11,1,0.857,0.479
21Aug11,0,0.821,0.5
20Aug11,2,0.786,0.182
19Aug11,1,0.857,0.456
18Aug11,1,0.929,0.481
17Aug11,1,0.929,0.509
16Aug11,0,1,0.5
15Aug11,0,0.964,0.5
14Aug11,0,0.929,0.5
13Aug11,1,1.036,0.486
12Aug11,2,1.036,0.282
11Aug11,0,1.25,0.5
10Aug11,1,1.036,0.538
09Aug11,0,1.292,0.5
08Aug11,1,1.036,0.48
07Aug11,0,1,0.5
06Aug11,2,0.857,0.049
05Aug11,1,0.857,0.065
04Aug11,5,0.857,0.001
03Aug11,0,0.821,0.5
02Aug11,0,0.821,0.5
01Aug11,1,0.821,0.186
31Jul11,3,0.821,0.042
30Jul11,1,0.857,0.481
29Jul11,0,0.821,0.5
28Jul11,1,0.821,0.441
27Jul11,1,0.857,0.482
26Jul11,0,0.893,0.5
25Jul11,1,0.929,0.51
24Jul11,0,0.964,0.5
23Jul11,0,0.964,0.5
22Jul11,0,0.857,0.5
21Jul11,0,0.821,0.5
20Jul11,3,0.821,0.025
19Jul11,2,0.786,0.156
18Jul11,0,0.786,0.5
17Jul11,2,0.75,0.152
16Jul11,0,0.679,0.5
15Jul11,1,0.643,0.063
14Jul11,3,0.607,0.013
13Jul11,1,0.607,0.321
12Jul11,1,0.571,0.349
11Jul11,0,0.571,0.5
10Jul11,2,0.571,0.088
09Jul11,0,0.536,0.5
08Jul11,0,0.536,0.5
07Jul11,1,0.536,0.342
06Jul11,0,0.607,0.5
05Jul11,0,0.536,0.5
04Jul11,0,0.5,0.5
03Jul11,3,0.536,0.004
02Jul11,1,0.536,0.279
01Jul11,0,0.643,0.5
30Jun11,2,0.826,0.153
29Jun11,0,0.783,0.5
28Jun11,0,0.607,0.5
27Jun11,2,0.571,0.07
26Jun11,1,0.536,0.272
25Jun11,1,0.571,0.32
24Jun11,1,0.571,0.357
23Jun11,0,0.571,0.5
22Jun11,0,0.714,0.5
21Jun11,1,0.714,0.43
20Jun11,0,0.957,0.5
19Jun11,1,1,0.535
18Jun11,0,1.087,0.5
17Jun11,0,1.35,0.5
16Jun11,1,1.4,0.669
15Jun11,0,1.4,0.5
14Jun11,0,1.45,0.5
13Jun11,0,1.429,0.5
12Jun11,1,1.107,0.571
11Jun11,0,1.36,0.5
10Jun11,0,1.44,0.5
09Jun11,0,1.6,0.5
08Jun11,0,1.8,0.5
07Jun11,0,1.88,0.5
06Jun11,2,1.92,0.507
05Jun11,1,2,0.753
04Jun11,0,2,0.5
03Jun11,1,2.2,0.71
02Jun11,2,2.24,0.533
01Jun11,3,2.32,0.403
31May11,1,2.385,0.764
30May11,1,2.321,0.77
29May11,0,2.429,0.5
28May11,0,2.643,0.5
27May11,0,2.821,0.5
26May11,1,2.929,0.843
25May11,0,2.786,0.5
24May11,1,2.962,0.797
23May11,4,3.115,0.388
22May11,1,3.077,0.822
21May11,2,3.154,0.715
20May11,1,3.154,0.816
19May11,3,3.308,0.577
18May11,2,3.308,0.744
17May11,1,3.269,0.857
16May11,0,3.462,0.5
15May11,2,3.577,0.782
14May11,1,3.692,0.886
13May11,1,3.731,0.876
12May11,3,3.654,0.631
11May11,2,3.577,0.578
10May11,4,3.769,0.352
09May11,7,3.962,0.123
08May11,3,3.923,0.687
07May11,1,3.923,0.874
06May11,3,3.808,0.618
05May11,2,3.846,0.53
04May11,8,3.846,0.049
03May11,2,3.731,0.758
02May11,3,3.846,0.618
01May11,4,3.846,0.49
30Apr11,3,3.654,0.494
29Apr11,3,3.692,0.361
28Apr11,7,3.731,0.085
27Apr11,5,3.536,0.277
26Apr11,4,3.75,0.527
25Apr11,0,3.571,0.5
24Apr11,0,3.607,0.5
23Apr11,6,3.536,0.185
22Apr11,0,3.5,0.5
21Apr11,5,3.464,0.278
20Apr11,2,3.536,0.734
19Apr11,5,3.679,0.339
18Apr11,0,3.714,0.5
17Apr11,1,3.679,0.596
16Apr11,6,3.607,0.107
15Apr11,4,3.679,0.278
14Apr11,6,3.643,0.162
13Apr11,3,3.571,0.487
12Apr11,2,3.357,0.264
11Apr11,5,3.321,0.026
10Apr11,8,3.357,0.011
09Apr11,6,3.5,0.133
08Apr11,2,3.536,0.784
07Apr11,2,3.536,0.666
06Apr11,5,3.571,0.261
05Apr11,3,3.679,0.647
04Apr11,3,3.536,0.648
03Apr11,1,3.536,0.689
02Apr11,6,3.607,0.125
01Apr11,3,3.643,0.616
31Mar11,2,3.536,0.486
30Mar11,6,3.714,0.135
29Mar11,5,3.714,0.299
28Mar11,2,3.964,0.787
27Mar11,6,4.143,0.246
26Mar11,1,4.214,0.944
25Mar11,1,4.357,0.951
24Mar11,3,4.429,0.8
23Mar11,1,4.643,0.954
22Mar11,4,4.786,0.675
21Mar11,2,4.893,0.819
20Mar11,5,4.893,0.453
19Mar11,7,5,0.243
18Mar11,3,5,0.794
17Mar11,4,5.321,0.704
16Mar11,5,5.643,0.653
15Mar11,1,5.75,0.961
14Mar11,3,5.821,0.872
13Mar11,2,5.857,0.921
12Mar11,5,5.857,0.66
11Mar11,3,5.714,0.824
10Mar11,6,5.607,0.447
09Mar11,6,5.607,0.485
08Mar11,3,5.714,0.829
07Mar11,4,5.929,0.766
06Mar11,4,5.893,0.777
05Mar11,2,5.929,0.918
04Mar11,3,6.179,0.838
03Mar11,4,6.179,0.734
02Mar11,7,6.107,0.443
01Mar11,2,6.25,0.796
28Feb11,7,6.286,0.416
27Feb11,6,6.143,0.436
26Feb11,8,6.214,0.315
25Feb11,6,6.464,0.565
24Feb11,5,6.5,0.646
23Feb11,5,6.429,0.524
22Feb11,6,6.393,0.336
21Feb11,8,6.393,0.2
20Feb11,9,6.429,0.205
19Feb11,10,6.214,0.187
18Feb11,3,6.25,0.653
17Feb11,7,6,0.277
16Feb11,5,5.786,0.214
15Feb11,10,5.786,0.057
14Feb11,12,5.786,0.05
13Feb11,5,5.75,0.57
12Feb11,7,5.607,0.371
11Feb11,4,5.679,0.677
10Feb11,6,5.857,0.535
09Feb11,2,5.857,0.896
08Feb11,0,5.786,0.5
07Feb11,4,5.643,0.526
06Feb11,7,5.75,0.318
05Feb11,8,5.75,0.29
04Feb11,2,5.286,0.552
03Feb11,5,5.393,0.122
02Feb11,14,5.464,0.005
01Feb11,2,5.429,0.628
31Jan11,5,5.321,0.132
30Jan11,10,5.679,0.053
29Jan11,9,5.643,0.163
28Jan11,2,5.464,0.444
27Jan11,7,5.464,0.032
26Jan11,12,5.464,0.01
25Jan11,7,5.393,0.163
24Jan11,6,5.214,0.146
23Jan11,8,5.286,0.1
22Jan11,10,5.429,0.035
21Jan11,4,5.393,0.781
20Jan11,1,5.464,0.959
19Jan11,6,5.464,0.449
18Jan11,3,5.357,0.791
17Jan11,6,5.357,0.398
16Jan11,5,5.393,0.544
15Jan11,7,5.536,0.302
14Jan11,3,5.429,0.872
13Jan11,2,5.393,0.923
12Jan11,4,5.393,0.723
11Jan11,5,5.357,0.58
10Jan11,4,5.357,0.716
09Jan11,5,5.214,0.552
08Jan11,4,5.107,0.662
07Jan11,5,5.214,0.543
06Jan11,5,8.281,0.964
05Jan11,1,5.071,0.776
04Jan11,5,4.821,0.143
03Jan11,7,8.687,0.829
02Jan11,9,4.286,0.003
01Jan11,6,4.214,0.024
31Dec10,12,4.143,0
30Dec10,6,3.929,0.012
29Dec10,7,4,0.012
28Dec10,7,3.857,0.017
27Dec10,6,3.786,0.04
26Dec10,6,3.643,0.041
25Dec10,5,3.536,0.06
24Dec10,6,3.464,0.039
23Dec10,5,3.5,0.092
22Dec10,5,3.321,0.072
21Dec10,5,3.321,0.08
20Dec10,6,3.107,0.057
19Dec10,2,3,0.189
18Dec10,7,2.821,0.012
17Dec10,4,2.786,0.123
16Dec10,6,2.75,0.071
15Dec10,1,2.607,0.481
14Dec10,4,2.654,0.147
13Dec10,4,2.6,0.173
12Dec10,4,2.6,0.237
11Dec10,4,2.68,0.296
10Dec10,1,2.56,0.649
09Dec10,2,2.48,0.343
08Dec10,4,2.4,0.142
07Dec10,3,2.4,0.218
06Dec10,5,2.32,0.114
05Dec10,2,2.32,0.519
04Dec10,2,2.16,0.396
03Dec10,1,2.08,0.262
02Dec10,4,2.28,0.077
01Dec10,5,2.04,0.028
30Nov10,1,2.16,0.173
29Nov10,8,2.08,0.003
28Nov10,2,2.08,0.378
27Nov10,3,2.12,0.299
26Nov10,2,2.12,0.391
25Nov10,2,2,0.23
24Nov10,3,2,0.111
23Nov10,6,1.96,0.017
22Nov10,1,2.04,0.723
21Nov10,2,2,0.524
20Nov10,1,2.08,0.745
19Nov10,1,2.12,0.759
18Nov10,1,2.04,0.756
17Nov10,0,1.821,0.5
16Nov10,3,1.821,0.296
15Nov10,0,1.893,0.5
14Nov10,0,1.929,0.5
13Nov10,0,1.786,0.5
12Nov10,1,1.75,0.456
11Nov10,4,1.75,0.116
10Nov10,1,1.643,0.626
09Nov10,1,1.607,0.505
08Nov10,3,1.643,0.221
07Nov10,2,1.679,0.467
06Nov10,0,1.679,0.5
05Nov10,1,1.607,0.574
04Nov10,0,1.393,0.5
03Nov10,3,1.393,0.025
02Nov10,6,1.286,0
01Nov10,2,1.429,0.053
31Oct10,5,1.357,0.012
30Oct10,1,1.25,0.221
29Oct10,2,1.179,0.052
28Oct10,3,1.071,0.017
27Oct10,3,1.071,0.035
26Oct10,3,1.143,0.111
25Oct10,1,1.107,0.398
24Oct10,1,1.143,0.313
23Oct10,3,1.071,0.093
22Oct10,0,1.036,0.5
21Oct10,3,1.036,0.083
20Oct10,1,1.071,0.526
19Oct10,1,1.107,0.567
18Oct10,0,1.071,0.5
17Oct10,0,1.036,0.5
16Oct10,2,1.107,0.232
15Oct10,2,1.179,0.299
14Oct10,0,1.214,0.5
13Oct10,0,1.286,0.5
12Oct10,1,1.286,0.626
11Oct10,0,1.286,0.5
10Oct10,1,1.214,0.569
09Oct10,1,1.286,0.57
08Oct10,2,1.286,0.327
07Oct10,0,1.321,0.5
06Oct10,1,1.25,0.565
05Oct10,0,1.179,0.5
04Oct10,2,1.12,0.027
03Oct10,2,1.2,0.029
02Oct10,5,1.2,0
01Oct10,0,1.16,0.5
30Sep10,0,1.348,0.5
29Sep10,1,1.2,0.623
28Sep10,0,0.964,0.5
27Sep10,1,0.893,0.075
26Sep10,3,0.893,0.014
25Sep10,2,0.893,0.132
24Sep10,1,0.964,0.488
23Sep10,1,0.929,0.508
22Sep10,0,0.964,0.5
21Sep10,1,1.036,0.478
20Sep10,1,1,0.421
19Sep10,1,1,0.371
18Sep10,1,0.964,0.266
17Sep10,1,1,0.19
16Sep10,2,1.107,0.148
15Sep10,2,1.107,0.18
14Sep10,2,1.107,0.242
13Sep10,2,1.071,0.266
12Sep10,1,1.071,0.524
11Sep10,1,1,0.524
10Sep10,0,1,0.5
09Sep10,2,1,0.249
08Sep10,1,1,0.503
07Sep10,1,1.036,0.541
06Sep10,0,1.107,0.5
05Sep10,0,1.036,0.5
04Sep10,0,1.107,0.5
03Sep10,2,1.143,0.304
02Sep10,0,1.107,0.5
01Sep10,0,1.107,0.5
31Aug10,2,1.143,0.301
30Aug10,0,1.32,0.5
29Aug10,0,1.32,0.5
28Aug10,0,1.32,0.5
27Aug10,1,1.32,0.593
26Aug10,1,1.4,0.578
25Aug10,2,1.36,0.351
24Aug10,0,1.24,0.5
23Aug10,2,1.24,0.19
22Aug10,3,1.071,0.09
21Aug10,0,1.071,0.5
20Aug10,1,1.036,0.321
19Aug10,1,0.857,0.072
18Aug10,3,0.821,0.001
17Aug10,5,0.821,0
16Aug10,2,0.857,0.106
15Aug10,1,0.857,0.479
14Aug10,0,1,0.5
13Aug10,0,0.857,0.5
12Aug10,0,0.857,0.5
11Aug10,1,1,0.505
10Aug10,1,0.857,0.474
09Aug10,0,0.857,0.5
08Aug10,1,0.857,0.241
07Aug10,2,0.893,0.152
06Aug10,0,0.857,0.5
05Aug10,2,0.964,0.197
04Aug10,1,1,0.503
03Aug10,1,1.036,0.546
02Aug10,0,1,0.5
01Aug10,1,0.964,0.437
31Jul10,1,0.929,0.389
30Jul10,1,0.893,0.324
29Jul10,1,0.857,0.238
28Jul10,2,0.893,0.166
27Jul10,2,0.929,0.194
26Jul10,1,0.929,0.51
25Jul10,0,0.929,0.5
24Jul10,0,0.929,0.5
23Jul10,0,0.893,0.5
22Jul10,1,0.929,0.404
21Jul10,2,0.893,0.201
20Jul10,0,0.929,0.5
19Jul10,1,0.929,0.475
18Jul10,1,0.964,0.49
17Jul10,1,0.964,0.52
16Jul10,0,1,0.5
15Jul10,1,1,0.533
14Jul10,0,0.964,0.5
13Jul10,1,1.036,0.516
12Jul10,1,1,0.53
11Jul10,0,1,0.5
10Jul10,2,0.893,0.142
09Jul10,0,0.893,0.5
08Jul10,3,1,0.015
07Jul10,0,1,0.5
06Jul10,4,0.947,0.001
05Jul10,1,0.857,0.387
04Jul10,2,0.9,0.123
03Jul10,0,0.95,0.5
02Jul10,0,0.9,0.5
01Jul10,0,0.85,0.5
30Jun10,1,0.536,0.099
29Jun10,1,0.5,0.072
28Jun10,2,0.536,0.04
27Jun10,1,2,0.949
26Jun10,0,0.804,0.5
25Jun10,0,0.643,0.5
24Jun10,1,0.848,0.394
23Jun10,1,1.111,0.578
22Jun10,1,0.607,0.262
21Jun10,0,0.607,0.5
20Jun10,2,0.607,0.048
19Jun10,1,0.571,0.192
18Jun10,1,0.607,0.237
17Jun10,1,0.643,0.291
16Jun10,1,0.714,0.385
15Jun10,1,0.643,0.383
14Jun10,0,0.607,0.5
13Jun10,2,0.607,0.088
12Jun10,1,0.643,0.391
11Jun10,0,0.643,0.5
10Jun10,0,0.679,0.5
09Jun10,0,0.714,0.5
08Jun10,0,0.714,0.5
07Jun10,0,0.75,0.5
06Jun10,0,0.857,0.5
05Jun10,0,0.821,0.5
04Jun10,0,0.857,0.5
03Jun10,1,0.929,0.511
02Jun10,0,1.036,0.5
01Jun10,0,1.036,0.5
31May10,0,1,0.5
30May10,0,0.964,0.5
29May10,1,0.964,0.325
28May10,1,0.893,0.202
27May10,2,0.893,0.104
26May10,2,0.964,0.178
25May10,2,1.036,0.242
24May10,0,1,0.5
23May10,0,1.107,0.5
22May10,1,1.143,0.549
21May10,1,1.071,0.549
20May10,0,1.107,0.5
19May10,2,1.036,0.209
18May10,2,1.036,0.231
17May10,2,1.036,0.276
16May10,0,1.036,0.5
15May10,0,1.071,0.5
14May10,0,1.214,0.5
13May10,1,1.214,0.587
12May10,0,1.179,0.5
11May10,1,1.214,0.564
10May10,1,1.25,0.596
09May10,0,1.214,0.5
08May10,1,1.214,0.392
07May10,3,1.179,0.136
06May10,0,1.107,0.5
05May10,1,1.107,0.359
04May10,2,1.214,0.273
03May10,3,1.214,0.149
02May10,0,1.357,0.5
01May10,0,1.286,0.5
30Apr10,0,1.5,0.5
29Apr10,2,1.571,0.444
28Apr10,0,1.5,0.5
27Apr10,2,1.429,0.338
26Apr10,2,1.464,0.386
25Apr10,2,1.357,0.391
24Apr10,0,1.393,0.5
23Apr10,4,1.464,0.1
22Apr10,1,1.357,0.599
21Apr10,0,1.536,0.5
20Apr10,3,1.679,0.29
19Apr10,0,1.714,0.5
18Apr10,0,1.857,0.5
17Apr10,0,1.893,0.5
16Apr10,0,1.75,0.5
15Apr10,2,1.929,0.448
14Apr10,4,2,0.195
13Apr10,1,2.179,0.729
12Apr10,0,2.25,0.5
11Apr10,1,2.393,0.72
10Apr10,2,2.464,0.588
09Apr10,2,2.536,0.636
08Apr10,0,2.643,0.5
07Apr10,0,2.607,0.5
06Apr10,0,2.536,0.5
05Apr10,3,2.643,0.435
04Apr10,3,2.607,0.474
03Apr10,0,2.885,0.5
02Apr10,4,2.692,0.297
01Apr10,0,2.357,0.5
31Mar10,6,2.393,0.04
30Mar10,4,2.464,0.266
29Mar10,0,2.429,0.5
28Mar10,0,2.429,0.5
27Mar10,1,2.464,0.783
26Mar10,1,2.464,0.769
25Mar10,2,2.571,0.628
24Mar10,2,2.464,0.625
23Mar10,0,2.393,0.5
22Mar10,5,2.429,0.076
21Mar10,4,2.321,0.203
20Mar10,1,2.286,0.5
19Mar10,4,2.286,0.174
18Mar10,3,2.143,0.304
17Mar10,0,2.107,0.5
16Mar10,6,2,0.005
15Mar10,2,1.929,0.133
14Mar10,6,1.821,0
13Mar10,4,1.821,0.003
12Mar10,6,1.786,0.001
11Mar10,2,1.75,0.251
10Mar10,2,1.75,0.207
09Mar10,3,1.821,0.154
08Mar10,2,1.893,0.491
07Mar10,1,1.893,0.535
06Mar10,3,1.857,0.174
05Mar10,3,1.857,0.196
04Mar10,2,1.893,0.501
03Mar10,1,1.964,0.817
02Mar10,0,1.929,0.5
01Mar10,1,1.929,0.764
28Feb10,2,2,0.564
27Feb10,0,1.893,0.5
26Feb10,1,1.893,0.492
25Feb10,3,1.786,0.145
24Feb10,2,1.786,0.278
23Feb10,3,1.75,0.181
22Feb10,2,1.679,0.402
21Feb10,2,1.679,0.405
20Feb10,2,1.679,0.43
19Feb10,1,1.75,0.702
18Feb10,2,1.857,0.511
17Feb10,0,1.857,0.5
16Feb10,2,1.857,0.452
15Feb10,1,1.893,0.489
14Feb10,3,1.857,0.193
13Feb10,2,1.857,0.325
12Feb10,3,1.929,0.247
11Feb10,2,1.964,0.515
10Feb10,1,1.929,0.548
09Feb10,2,1.893,0.26
08Feb10,2,1.75,0.102
07Feb10,3,1.75,0.032
06Feb10,5,1.75,0.012
05Feb10,3,1.786,0.214
04Feb10,1,1.75,0.715
03Feb10,1,1.786,0.713
02Feb10,1,1.75,0.638
01Feb10,3,1.893,0.262
31Jan10,1,1.857,0.747
30Jan10,0,1.964,0.5
29Jan10,3,1.929,0.283
28Jan10,0,1.929,0.5
27Jan10,2,1.929,0.532
26Jan10,0,2,0.5
25Jan10,2,2.036,0.543
24Jan10,1,2.036,0.799
23Jan10,0,2.036,0.5
22Jan10,1,2.143,0.639
21Jan10,2,2.071,0.31
20Jan10,2,2.071,0.188
19Jan10,5,2,0.03
18Jan10,1,1.964,0.47
17Jan10,3,1.964,0.159
16Jan10,3,1.893,0.214
15Jan10,2,1.857,0.342
14Jan10,2,2,0.384
13Jan10,3,2,0.278
12Jan10,3,1.964,0.307
11Jan10,1,1.964,0.699
10Jan10,2,1.857,0.486
09Jan10,1,1.893,0.608
08Jan10,3,2,0.325
07Jan10,1,2.143,0.724
06Jan10,2,2.071,0.554
05Jan10,0,2.143,0.5
04Jan10,4,2.107,0.181
03Jan10,0,2.071,0.5
02Jan10,4,2.107,0.162
01Jan10,2,2.143,0.515
31Dec09,3,2.25,0.371
30Dec09,1,2.357,0.796
29Dec09,0,2.5,0.5
28Dec09,2,2.571,0.602
27Dec09,3,2.643,0.466
26Dec09,1,2.714,0.814
25Dec09,1,2.643,0.726
24Dec09,2,2.643,0.47
23Dec09,5,2.786,0.145
22Dec09,3,2.786,0.497
21Dec09,1,2.893,0.836
20Dec09,1,2.929,0.831
19Dec09,2,3.107,0.728
18Dec09,2,3.107,0.755
17Dec09,0,2.893,0.5
16Dec09,2,2.929,0.51
15Dec09,7,3,0.024
14Dec09,1,3.036,0.891
13Dec09,1,3.143,0.918
12Dec09,1,3.214,0.931
11Dec09,0,3.071,0.5
10Dec09,2,3.071,0.504
09Dec09,5,3.036,0.121
08Dec09,4,3.107,0.328
07Dec09,2,3.179,0.767
06Dec09,2,3.321,0.783
05Dec09,3,3.25,0.605
04Dec09,1,3.357,0.824
03Dec09,4,3.357,0.388
02Dec09,2,3.357,0.545
01Dec09,3,3.321,0.179
30Nov09,5,3.286,0.038
29Nov09,7,3.393,0.028
28Nov09,3,3.429,0.6
27Nov09,3,3.536,0.59
26Nov09,4,3.5,0.408
25Nov09,3,3.429,0.585
24Nov09,3,3.429,0.522
23Nov09,5,3.429,0.241
22Nov09,1,3.429,0.775
21Nov09,5,3.464,0.221
20Nov09,3,3.536,0.584
19Nov09,5,3.607,0.259
18Nov09,2,3.786,0.855
17Nov09,1,3.929,0.933
16Nov09,2,4.143,0.851
15Nov09,3,4.25,0.751
14Nov09,2,4.286,0.863
13Nov09,3,4.679,0.754
12Nov09,4,5.107,0.672
11Nov09,1,5.286,0.905
10Nov09,4,5.571,0.715
09Nov09,1,5.607,0.905
08Nov09,4,5.536,0.67
07Nov09,5,5.679,0.587
06Nov09,5,5.607,0.607
05Nov09,2,5.786,0.859
04Nov09,5,6,0.638
03Nov09,3,6,0.796
02Nov09,5,6.143,0.629
01Nov09,6,6.321,0.58
31Oct09,2,6.286,0.871
30Oct09,6,6.286,0.544
29Oct09,5,6.5,0.668
28Oct09,6,6.679,0.629
27Oct09,2,6.821,0.933
26Oct09,3,6.786,0.894
25Oct09,1,6.964,0.962
24Oct09,5,6.964,0.757
23Oct09,3,7,0.888
22Oct09,6,7.25,0.688
21Oct09,4,7.393,0.869
20Oct09,3,7.5,0.868
19Oct09,7,7.357,0.517
18Oct09,7,7.393,0.482
17Oct09,8,7.679,0.476
16Oct09,6,7.643,0.5
15Oct09,5,7.75,0.307
14Oct09,12,8.357,0.126
13Oct09,16,8.714,0.107
12Oct09,6,8.786,0.673
11Oct09,12,9.071,0.32
10Oct09,6,9.536,0.768
09Oct09,3,9.75,0.897
08Oct09,6,10.25,0.793
07Oct09,3,10.357,0.889
06Oct09,8,10.679,0.67
05Oct09,11,10.714,0.515
04Oct09,6,5.687,0.471
03Oct09,6,11,0.798
02Oct09,11,10.929,0.544
01Oct09,4,11.393,0.89
30Sep09,6,11.464,0.819
29Sep09,8,11.679,0.745
28Sep09,8,11.679,0.761
27Sep09,5,11.5,0.869
26Sep09,4,11.286,0.87
25Sep09,8,11.214,0.711
24Sep09,6,10.929,0.782
23Sep09,5,15.496,0.98
22Sep09,10,21.233,0.988
21Sep09,11,24.319,0.998
20Sep09,10,22.633,0.999
19Sep09,4,16.448,0.998
18Sep09,7,18.564,0.996
17Sep09,13,18.394,0.905
16Sep09,11,14.223,0.794
15Sep09,19,15.861,0.206
14Sep09,23,17.77,0.087
13Sep09,22,15.678,0.045
12Sep09,8,10.746,0.733
11Sep09,11,10.994,0.5
10Sep09,19,5.893,0.004
09Sep09,9,5.5,0.04
08Sep09,22,5.143,0
07Sep09,14,4.964,0.006
06Sep09,15,5.738,0.005
05Sep09,7,4.393,0.031
04Sep09,15,4.714,0.018
03Sep09,8,4.179,0.075
02Sep09,4,3.893,0.107
01Sep09,21,3.643,0
31Aug09,10,3.643,0.006
30Aug09,11,3.679,0.012
29Aug09,4,3.893,0.503
28Aug09,3,3.964,0.675
27Aug09,0,4.036,0.5
26Aug09,3,4.214,0.671
25Aug09,2,4.5,0.767
24Aug09,5,4.536,0.478
23Aug09,2,4.464,0.787
22Aug09,2,4.357,0.756
21Aug09,4,4.429,0.547
20Aug09,5,4.464,0.468
19Aug09,2,4.357,0.764
18Aug09,3,4.321,0.654
17Aug09,4,4.25,0.566
16Aug09,1,4.321,0.84
15Aug09,3,4.036,0.644
14Aug09,0,4.036,0.5
13Aug09,11,3.893,0.022
12Aug09,2,8.365,0.995
11Aug09,4,6.292,0.835
10Aug09,3,3.821,0.546
09Aug09,5,6.011,0.669
08Aug09,2,6.006,0.954
07Aug09,2,3.286,0.217
06Aug09,5,3.25,0.027
05Aug09,13,3.214,0
04Aug09,6,3.107,0.159
03Aug09,2,3,0.404
02Aug09,4,2.893,0.172
01Aug09,4,2.714,0.115
31Jul09,4,2.536,0.067
30Jul09,6,2.577,0.042
29Jul09,5,2.423,0.05
28Jul09,4,2.077,0.014
27Jul09,10,2.038,0
26Jul09,10,2.038,0
25Jul09,3,1.821,0.196
24Jul09,2,1.75,0.253
23Jul09,2,1.643,0.142
22Jul09,4,1.607,0.066
21Jul09,4,1.75,0.114
20Jul09,1,1.75,0.701
19Jul09,0,1.714,0.5
18Jul09,1,1.643,0.497
17Jul09,2,1.607,0.293
16Jul09,3,1.808,0.243
15Jul09,2,1.962,0.536
14Jul09,0,1.885,0.5
13Jul09,1,1.607,0.289
12Jul09,3,1.571,0.081
11Jul09,4,1.643,0.099
10Jul09,2,1.679,0.408
09Jul09,1,1.5,0.355
08Jul09,2,1.571,0.182
07Jul09,5,1.607,0.033
06Jul09,1,1.607,0.65
05Jul09,1,1.571,0.639
04Jul09,1,1.607,0.648
03Jul09,1,1.607,0.65
02Jul09,1,1.714,0.694
01Jul09,0,1.536,0.5
30Jun09,0,1.5,0.5
29Jun09,6,1.464,0.003
28Jun09,1,1.429,0.532
27Jun09,2,1.464,0.352
26Jun09,2,1.464,0.397
25Jun09,0,1.714,0.5
24Jun09,2,1.714,0.461
23Jun09,1,1.643,0.655
22Jun09,0,1.679,0.5
21Jun09,4,1.679,0.129
20Jun09,1,1.714,0.657
19Jun09,1,1.679,0.648
18Jun09,1,1.607,0.544
17Jun09,1,1.464,0.348
16Jun09,2,1.429,0.158
15Jun09,5,1.464,0.036
14Jun09,1,1.464,0.628
13Jun09,0,1.67,0.5
12Jun09,1,0.776,0.43
11Jun09,3,1.895,0.185
10Jun09,3,1.205,0.074
09Jun09,0,1.501,0.5
08Jun09,3,1.541,0.108
07Jun09,2,0.713,0.131
06Jun09,1,1.656,0.706
05Jun09,0,1.21,0.5
04Jun09,2,1.544,0.338
03Jun09,0,1.941,0.5
02Jun09,3,1.511,0.098
01Jun09,1,2.365,0.881
31May09,0,1.232,0.5
30May09,1,2.249,0.845
29May09,1,1.35,0.608
28May09,1,1.3,0.249
27May09,2,1.368,0.102
26May09,8,1.486,0
25May09,0,1.205,0.5
24May09,2,1.118,0.143
23May09,2,1.441,0.244
22May09,1,1.244,0.633
21May09,2,1.604,0.271
20May09,0,1.854,0.5
19May09,0,1.587,0.5
18May09,1,1.403,0.747
17May09,0,1.296,0.5
16May09,1,1.232,0.651
15May09,1,0.25,0.031
14May09,5,0.179,0
13May09,4,0.143,0
12May09,2,0.107,0
11May09,1,0.036,0.004
10May09,1,0.036,0.004
09May09,2,0.036,0.001
08May09,0,0.033,0.5
07May09,0,0.033,0.5
06May09,1,0,0.5
05May09,0,0,0.5
04May09,0,0,0.5
03May09,0,0,0.5
02May09,0,0,0.5
01May09,0,0,0.5
30Apr09,0,0,0.5
29Apr09,0,0,0.5
28Apr09,0,0,0.5
27Apr09,0,0,0.5
26Apr09,0,0,0.5
25Apr09,0,0,0.5
24Apr09,0,0,0.5
23Apr09,0,0,0.5
22Apr09,0,0,0.5
21Apr09,0,0,0.5
20Apr09,0,0,0.5
19Apr09,0,0,0.5
18Apr09,0,0,0.5
17Apr09,0,0,0.5
16Apr09,0,0,0.5
15Apr09,0,0,0.5
14Apr09,0,0,0.5
13Apr09,0,0,0.5
12Apr09,0,0,0.5
11Apr09,0,0,0.5
10Apr09,0,0,0.5
09Apr09,0,0,0.5
08Apr09,0,0,0.5
